<?xml version="1.0" encoding="UTF-8"?>
<project-private xmlns="http://www.netbeans.org/ns/project-private/1">
    <editor-bookmarks xmlns="http://www.netbeans.org/ns/editor-bookmarks/2" lastBookmarkId="0"/>
    <open-files xmlns="http://www.netbeans.org/ns/projectui-open-files/2">
        <group>
            <file>file:/C:/Users/PAKZIN/Documents/NetBeansProjects/LesegoSeralokeTask2ST10231545/src/lesegoseraloketask2st10231545/LesegoSeralokeTask2ST10231545.java</file>
            <file>file:/C:/Users/PAKZIN/Documents/NetBeansProjects/LesegoSeralokeTask2ST10231545/src/ST10231545Task2.java</file>
        </group>
    </open-files>
</project-private>
